address,lon,lat
济南莱喜莉一站式沉浸式艺术宴会中心,116.89993,36.719296
济南隐家本格日式烧肉和光店,117.0889,36.664555
济南毕萃BEESKNEES老洋房,117.02774,36.66627
济南麦当劳济南文化西路店,117.00561,36.64551
济南小确幸县西巷店,117.017204,36.663727
济南KingKong大猩猩烤肉专门店CBD店,117.017204,36.663727
济南租房三盛一期南次卧,117.0672073,36.71878052
耶比济南下先一平,117.0656027,36.66007935
济南五月罗马海鲜自助餐厅印象城花园路店,117.0320719,36.6654398
济南CAmore爱意牛排馆万象城店,117.03291,36.664406
济南慕名造型,117.01139,36.66427
济南绿茶餐厅,117.00895,36.663982
济南海底捞火锅融创茂店,117.11868,36.69507
济南桥下把子肉,116.97713,36.649155
济南下先一平,117.0322,36.65327
济南泉客厅SpringPavilion荟L餐厅,117.09965,36.65931
济南南丰戏楼,117.004814,36.662582
济南和彩日本料理HANAZATO县西巷店,117.1249,36.626987
济南鑫龙火锅城环山路店,117.02774,36.66627
济南白石深夜食堂济南万象城店,117.02251,36.664112
济南胡马八破川菜小馆宽厚里店,117.078804,36.701756
济南三盛肥蛤花园路店,116.99054,36.66242
济南曲水亭号,117.017204,36.663727
济南梁记串串香,116.99036,36.66217
海底捞火锅泉城路店,117.15044,36.662434
济南市历下区文化东路号电影制片厂,117.007389,36.661307
济南北京羲和雅苑烤鸭坊济南万象城店,117.037367,36.661926
济南涌泉大酒店济南马姐牛骨店,117.00905,36.68418
济南大吉利潮汕牛肉火锅山东大学店,117.02781,36.66702
寿喜锅济南松谷屋,117.00561,36.64551
济南王虎子大饼,117.27889,36.63574
济南屋赞许鳗屋,116.990849,36.662486
济南韩香阁高新万达店,117.038417,36.654052
济南胡马八破川菜小馆济南融创茂店,117.02434,36.67014
济南隐家本格日式烧肉优品汇奥特莱斯购物广场历山路号优品汇奥特莱斯负一层,116.99752,36.650974
济南财经大学第二食堂,116.92055,36.65834
鑫茂齐鲁科技城号楼云视视光,116.99036,36.66217
济南梅飞酒家桑园路店,117.531,36.68918
济南海底捞火锅连城国际店,117.099798,36.659639
济南kingkong大猩猩熟成烤肉专门店银座新天地店,117.0098,36.60669
济南喜茶济南万象城店,117.107735,36.684875
济南奉天小馆万象城店,117.0225,36.66396
济南PD咖啡电影洗印厂总店,117.01812,36.66553
济南BrucesPizza布鲁斯披萨文化东路山东电影洗印厂院内,117.18334,36.71764
济南安東韩国料理济南万象城店,116.990163,36.662237
济南二番煮居酒屋,117.0276,36.67125
济南韩香阁槐荫店,116.97713,36.649155
济南悦秀点心恒隆广场店,117.12672,36.661774
曲水亭街济南曲水亭号,117.017204,36.663727
济南高第街号餐厅长清恒大绿洲店,117.02239,36.64145
济南孙家五香甜沫,116.89305,36.66895
济南小苏和下午茶,116.96395,36.65372
济南光明羊肉馆,117.02434,36.67014
济南幸会精致料理济南店,117.14724,36.65787
济南三号院居酒屋,117.147926,36.661018
重庆既视感大觀园,116.9613605,36.7314409
济南港禧茶餐厅泺源大街店,117.04791,36.656345
济南大山披萨派星球店,117.13886,36.677223
济南英雄山,117.004416,36.6395028
济南老胖串店印象济南店,116.94687,36.675064
济南茅庐恒隆广场店,117.0866,36.65445
济南雅苑餐厅济南张大嘴烧烤,117.02271,36.65595
济南盛福不夜城,117.017204,36.663727
凤山路很小的一家店人超多巨火爆手切羊肉好吃济南光明羊肉馆,117.02434,36.67014
济南自在间小酒馆,117.0279,36.672123
济南王品台塑牛排济南银座店,117.54241,36.684147
济南MSKY恒隆广场店,117.18275,36.68344
F展厅,117.095754,36.658039
济南一口奶油甜品实验室,117.0322,36.65327
济南落日猫,117.02774,36.66627
济南汉峪金谷峪悦里济南eee意空间艺术餐厅Restaurant,117.06511,36.6891
fortwoyears济南泉客厅Spring,117.02355,36.663902
济南南城十里融汇老商埠店南城十里鲜切火锅,117.15883,37.3034
济南亮亮面馆,116.990163,36.662237
济南老胖串店融创店,117.10653,37.20035
济南海底捞火锅泉城路店蒲公英的方向,117.15044,36.662434
济南CNTrinas西餐厅,117.02434,36.67014
济南梅飞酒家名辉豪庭店,117.02796,36.66704
印象城打卡济南天桥服务区餐厅,116.990163,36.662237
济南花升精致日式海鲜放题恒隆广场店,117.02282,36.66386
济南海底捞火锅大明湖路店,117.11501,36.65596
济南新海渔港奥体中心店济南泉客厅SpringPavilion荟L餐厅,117.09965,36.65931
济南西堤牛排济南万象城店,117.19614,36.671623
济南山上下居酒屋万象城店,117.0098,36.60669
济南火社火锅济南店,116.97864,36.64995
济南Helens海伦司济南悦立方店,117.03266,36.66536
济南老板恋上鱼窑头店,116.97798,36.661243
明湖小楼济南海底捞火锅大明湖路店,116.99953,36.66965
希希探店PDcoffee电影洗印厂店,117.049382,36.654155
济南毕萃BEESKNEES老洋房Remake,117.043133,36.661185
济南济南胡桃里音乐酒馆高新店,117.0672073,36.71878052
魁盛居百年鲁菜馆县西巷店,117.10957,36.667645
香榭丽店,116.990163,36.662237
济南山东艺术学院,117.10064,36.659187
济南海底捞火锅泉城路店,117.04848,36.65582
济南太食獸泰式茶餐厅万象城店,117.147385,36.71982
济南刘忙把子肉满口香店济南鳗丼熊本屋,117.02857,36.657276
济南肯德基双山东街店,116.97513,36.65749
济南济南梅飞酒家桑园路店,117.02774,36.66627
济南隐家本格日式烧肉优品汇奥特莱斯购物广场,117.02467,36.66383
济南三盛肥蛤西市场店,117.02774,36.66627
济南泉客厅,116.980965,36.66213
宝藏菜馆济南小背篓川菜作坊泉城路店,116.92921,36.691605
济南龙凤禧毛肚火锅张庄路森林公园店,117.04791,36.656345
济南BETTERTASTEFADDISHBREAD烘焙山东首店,117.017204,36.663727
济南MissQ家,116.990163,36.662237
济南新晋帅哥美女聚集地夜上海奢华酒吧店铺Bingo龙湖天街,116.45799,36.274403
鲁能领秀城楼的贵满楼菲舍尔大厅,117.15216,36.71526
济南动物园野生动物园,116.98539,36.70184
平水十一尤济南回头客餐厅车站北街店,117.05553,36.66667
济南小马扎大排档,117.02425,36.66351
济南历下世茂广场店,117.01717,36.64137
济南魁盛居百年鲁菜馆县西巷店,117.10957,36.667645
英雄山银杏林,117.04723,36.62861
济南天桥服务区餐厅,117.00481,36.645363
小区附近新开的夜市济南盛福不夜城,117.13065,36.688343
香济南CAmore爱意牛排馆万象城店,117.03291,36.664406
济南必胜客和谐广场店,117.10114,36.658527
济南UP地址黑虎泉西路宽厚里三期号韩香阁楼上,117.14838,36.659885
melandclub,117.19595,36.671757
济南RestaurantX,117.0709904,36.70075085
济南鸟五郎串烧专门店,117.02811,36.6698
花狗山,116.9964197,36.6605199
济南大渔铁板烧万达广场店,117.040033,36.679364
济南胡桃里音乐酒馆高新店,117.0672073,36.71878052
济南韩香阁洪家楼南路店济南炭知火日式本格烧肉朝山街店,117.03803,36.66103
济南银棠新中餐万象城店,117.02271,36.66392
济南三姐肥肠鱼,117.02461,36.663277
济南幸福街号,116.92055,36.65834
济南鸟政割烹料理串烧专门店,117.051056,36.648014
济南渔荷铁板烧料理恒隆广场,117.00817,36.66461
济南曲水亭街闫府济南曲水亭号,117.1214,36.6568
济南山东商业职业技术学院,117.02434,36.67014
济南度C济南山师东店,117.093346,36.684723
济南泉客厅SpringPavilion,117.09965,36.65931
济南老胖串店浆水泉路,117.1003,36.65896
哥老官泉城路号济南世茂国际广场东座第四层E号商铺近万达影城,117.03245,36.663967
济南Venchi恒隆广场,117.00817,36.66461
济南达美乐比萨老商埠店,116.94687,36.675064
济南汉峪金谷峪悦里,117.0672073,36.71878052
济南西塔老太太泥炉烤肉店济南秀儿私房餐厅县西巷店,116.94687,36.675064
济南凯宾斯基酒店THEVIEW云景全日制餐厅,116.94687,36.675064
济南泉城老董家菜馆佛山苑店,117.02796,36.66704
济南酣聚场,117.02434,36.67014
济南北京菜天花板济南北京羲和雅苑烤鸭坊济南万象城店,117.037367,36.661926
济南胡马八破川小馆,117.03324,36.669403
济南蓝济南贵满楼开埠香榭丽店,116.990163,36.662237
东阙茗奥体中心里面一家很有意境的餐厅,117.19614,36.671623
汉峪金谷济南汉峪金谷峪悦里,117.0672073,36.71878052
济南DuoDuo,117.0652,36.683533
济南张家炒米线,117.03914,36.65836
济南BINGOCBD龙湖天街店,117.02774,36.66627
济南西堤牛排恒隆广场,117.032074,36.665375
济南古着店铺济南HakunaMatata,117.01492,36.619205
济南老周家牛肉烧饼,117.130808,36.688649
济南毕萃BK雪山万科城店,117.14724,36.65787
济南大山披萨,116.74588,36.561049
济南华记生蚝趵突泉回民小区店,116.9913325,36.6703118
济南老胖串店泉城路店,117.00817,36.66461
济南六觅MEAN泰式奶茶老挝冰咖啡万科麓城店,117.20847,36.97649
济南哥老官重庆美蛙鱼头世茂国际广场店,117.03245,36.663967
济南秀儿私房餐厅县西巷店,117.00884,36.663532
济南海底捞火锅万虹广场店,116.978556,36.649705
济南泉客厅SpringPavilion普力亚洲料理,117.02271,36.66392
济南陈氏肥蛤,117.06427,36.68344
济南九府羊鲜羊肉火锅经十路店,117.147926,36.661018
福谷小食堂,117.03006,36.663067
济南哈尔滨春饼旗舰店,117.14724,36.65787
济南永和面馆小纬北路店,117.0672073,36.71878052
济南袁记串串香齐源店,116.99093,36.66256
济南本吉雅东南亚餐厅,117.1249,36.626987
胡马八破川菜小馆印象济南店,117.046245,36.688025
济南韩香阁洪家楼南路店,117.045083,36.655101
济南曲水亭,117.016914,36.67141
菏泽板面济南菏泽电厂二板面济南首店,117.02774,36.66627
云里雾里的南部山区,117.1168,36.48452
高街女帝济南泉客厅SpringPavilion普力亚洲料理,117.02271,36.66392
济南君发铁板鱿鱼老店,117.0709904,36.70075085
Mix音乐济南毕萃BEESKNEES老洋房Remake,117.00051,36.658614
济南么哈MOJAR宽厚里店,117.0298678,36.65485577
济南南京大牌档恒隆广场店济,117.10904,36.668297
济南麋鹿森林咖啡西餐厅奥体中心店,117.1003,36.65896
济南雅悦酒店高新分店,117.004814,36.662582
济南王舍人环联夜市,117.10024,36.66016
济南隐家本格日式烧肉末本店,117.13538,36.676193
济南海底捞火锅悦立方店,117.14724,36.65787
春江饭店又一家老字号济南春江饭店共青团路店,117.07073,36.65571
